{
    "name": "The Rockland",
    "src": "floors/rockland.svg",
    "footRatio": "9",
    "zoomRatio": "100",
    "floors": [
        {
            "name": "GROUND FLOOR",
            "id": "GFPWRROSE1",
            "options": [
                {
                    "name": "Rec. Room or Opt. Study End Condition Typical",
                    "id": "GFPWRROSECT",
                    "disable": ["GFPA1WOPR_x26_C", "GFPA1WOPR_x26_CEC", "GFPA2WB_x26_FB", "GFPA2WB_x26_FBEC"]
                },
                {
                    "name": "Powder Room & Closet",
                    "id": "GFPA1WOPR_x26_C",
                    "disable": ["GFPWRROSECT", "GFPA2WB_x26_FB", "GFPA2WB_x26_FBEC"]
                },
                {
                    "name": "Powder Room & Closet End Condition",
                    "id": "GFPA1WOPR_x26_CEC",
                    "disable": ["GFPWRROSECT", "GFPA2WB_x26_FB"]
                },
                {
                    "name": "Bedroom & Full Bath",
                    "id": "GFPA2WB_x26_FB",
                    "disable": ["GFPWRROSECT", "GFPA1WOPR_x26_C", "GFPA1WOPR_x26_CEC"]
                },
                {
                    "name": "Bedroom & Full Bath End Condition",
                    "id": "GFPA2WB_x26_FBEC",
                    "disable": ["GFPWRROSECT", "GFPA1WOPR_x26_C"],
                    "required": ["GFPA2WB_x26_FB"]
                }
            ]
        },
        {
            "name": "2ND FLOOR",
            "id": "SFPE1",
            "options": [
                {
                    "name": "Elevation #2",
                    "id": "SFPE2",
                    "disable": ["SFPE3"]
                },
                {
                    "name": "Elevation #3",
                    "id": "SFPE3",
                    "disable": ["SFPE2"]

                },
                {
                    "name": "End Condition",
                    "id": "SFPEU"
                },
                {
                    "name": "Box Bay",
                    "id": "SFPOB",
                    "required": ["SFPEU"]
                }
            ]
        },
        {
            "name": "3RD FLOOR",
            "id": "TFP",
            "options": [
                {
                    "name": "End Condition",
                    "id": "TFPEC",
                    "disable": ["TFPA1", "TFPA1EC", "TFPA1OBB", "TFPA2WB"]
                },
                {
                    "name": "Box Bay",
                    "id": "TFPOBB",
                    "disable": ["TFPA1", "TFPA1EC", "TFPA1OBB", "TFPA2WB"]
                },
                {
                    "name": "Large Primary Suite",
                    "id": "TFPA1",
                    "disable": ["TFPEC", "TFPOBB", "TFPA2WB"]
                },
                {
                    "name": "Large Primary Suite End Condition",
                    "id": "TFPA1EC",
                    "disable": ["TFPEC", "TFPOBB", "TFPA2WB"],
                    "required": ["TFPA1"]
                },
                {
                    "name": "Large Primary Suite Box Bay",
                    "id": "TFPA1OBB",
                    "disable": ["TFPEC", "TFPOBB", "TFPA2WB"],
                    "required": ["TFPA1"]
                },
                {
                    "name": "Three Bedrooms",
                    "id": "TFPA2WB",
                    "disable": ["TFPEC", "TFPOBB", "TFPA1", "TFPA1EC", "TFPA1OBB"]

                }
            ]
        },
        {
            "name": "LOFT",
            "id": "LFP",
            "options": [
                {
                    "name": "End Condition",
                    "id": "LFPEC",
                    "disable": ["OLSFP", "OLSFPEC"]
                },
                {
                    "name": "Opt. Full Bath ilo Storage",
                    "id": "LFPWOFB",
                    "disable": ["OLSFP", "OLSFPEC"]
                },
                {
                    "name": "Opt. See-Thru Fireplace",
                    "id": "LFPOF"
                },
                {
                    "name": "Suite",
                    "id": "OLSFP",
                    "disable": ["LFPEC", "LFPWOFB"]
                },
                {
                    "name": "End Condition",
                    "id": "OLSFPEC",
                    "disable": ["LFPEC", "LFPWOFB"]

                }
            ]
        }
    ]
}